,Loyalty#,PointsRedeemedRatio,FlightsWithCompanionsRatio,AvgDistancePerFlight,KMPerRedeemedPoint,UnredeemedPoints,HasBonus,AvgMonthlyFlights,sr_jan,sr_feb,sr_mar,sr_apr,sr_may,sr_jun,sr_jul,sr_aug,sr_sep,sr_oct,sr_nov,sr_dec,First Name,Last Name,Customer Name,Country,Province or State,City,Latitude,Longitude,Postal code,Gender,Education,Location Code,Income,Marital Status,LoyaltyStatus,EnrollmentDateOpening,CancellationDate,Customer Lifetime Value,EnrollmentType,Cancelled,Time on Program,Loyalty#_new
0,101902,0.18236945832289703,0.17696629213483145,2131.4511235955056,54.85012288564406,62023,0,5.741935483870968,0.016853932584269662,0.02247191011235955,0.028089887640449437,0.0898876404494382,0.14606741573033707,0.1151685393258427,0.05056179775280899,0.17134831460674158,0.10955056179775281,0.11797752808988764,0.09269662921348315,0.03932584269662921,Hans,Schlottmann,Hans Schlottmann,Canada,Ontario,London,42.984924,-81.245277,M5B 3E4,female,College,Rural,0.0,Married,Aurora,2020-01-07,0,6265.34,Standard,N,723 days,101902_1
1,106001,0.39516726787567324,0.24181360201511334,2039.6518891687658,25.31392397148931,48960,0,5.591549295774648,0.09319899244332494,0.11083123425692695,0.10831234256926953,0.08564231738035265,0.12342569269521411,0.017632241813602016,0.06297229219143577,0.05289672544080604,0.037783375314861464,0.07052896725440806,0.11586901763224182,0.12090680100755667,Maudie,Hyland,Maudie Hyland,Canada,New Brunswick,Fredericton,45.963589,-66.643112,E3B 2H2,female,Master,Suburban,14973.0,Divorced,Star,2015-07-16,0,12168.74,Standard,N,2359 days,106001_1
2,114414,0.034854599483539445,0.20577617328519857,2782.7559566787004,286.978183172003,74377,0,3.9571428571428573,0.09025270758122744,0.1263537906137184,0.10830324909747292,0.010830324909747292,0.04332129963898917,0.06859205776173286,0.19133574007220217,0.09025270758122744,0.11191335740072202,0.02527075812274368,0.04332129963898917,0.09025270758122744,Kala,Bachor,Kala Bachor,Canada,Ontario,Toronto,43.653225,-79.383186,P1J 8T7,male,College,Rural,0.0,Married,Nova,2015-11-06,0,3591.07,Standard,N,2246 days,114414_1
3,130331,0.202501078050884,0.4262295081967213,2851.9590163934427,49.39508801817149,27741,0,2.595744680851064,0.0,0.03278688524590164,0.13934426229508196,0.02459016393442623,0.14754098360655737,0.02459016393442623,0.2540983606557377,0.08196721311475409,0.1721311475409836,0.06557377049180328,0.03278688524590164,0.02459016393442623,Cammie,Pangan,Cammie Pangan,Canada,Nova Scotia,Halifax,44.648766,-63.575237,B3J 9S2,female,Bachelor,Suburban,64640.0,Divorced,Nova,2019-12-01,0,2862.73,Standard,N,760 days,130331_1
4,135421,0.1415254883035737,0.32894736842105265,2590.785197368421,70.67468592964823,67598,0,4.676923076923077,0.05592105263157895,0.06907894736842106,0.07894736842105263,0.12171052631578948,0.029605263157894735,0.12828947368421054,0.0,0.10197368421052631,0.11513157894736842,0.14802631578947367,0.11842105263157894,0.03289473684210526,Beverly,Deoliveira,Beverly Deoliveira,Canada,Quebec,Montreal,45.50169,-73.567253,H2Y 4R4,female,College,Suburban,0.0,Divorced,Star,2017-12-16,0,5304.54,Standard,N,1475 days,135421_1
5,193662,0.1652374356317342,0.16818181818181818,2150.0225,60.53688487873552,78946,0,6.470588235294118,0.004545454545454545,0.05454545454545454,0.04318181818181818,0.05227272727272727,0.13863636363636364,0.18181818181818182,0.1318181818181818,0.05,0.10681818181818181,0.06363636363636363,0.045454545454545456,0.12727272727272726,Leatrice,Hanlin,Leatrice Hanlin,Canada,Yukon,Whitehorse,60.721188,-135.05684,Y2K 6R0,male,Bachelor,Rural,26262.0,Married,Star,2015-05-07,0,3844.57,Standard,N,2429 days,193662_1
6,198499,0.5741178937279099,0.2569832402234637,1865.6907821229051,17.423172035998437,28437,0,5.188405797101449,0.0670391061452514,0.09497206703910614,0.06424581005586592,0.0782122905027933,0.08659217877094973,0.11173184357541899,0.07541899441340782,0.0782122905027933,0.1424581005586592,0.04189944134078212,0.03910614525139665,0.12011173184357542,Terrie,Celedon,Terrie Celedon,Canada,Quebec,Montreal,45.50169,-73.567253,H2T 2J6,male,Bachelor,Rural,32948.0,Single,Nova,2015-06-11,0,44468.02,Standard,N,2394 days,198499_1
7,200519,0.26449957914144856,0.19693654266958424,2184.357330415755,37.818279284740115,73400,0,6.436619718309859,0.04157549234135667,0.06783369803063458,0.1400437636761488,0.05470459518599562,0.06783369803063458,0.09409190371991247,0.15973741794310722,0.030634573304157548,0.11159737417943107,0.07658643326039387,0.08533916849015317,0.0700218818380744,Betty,Hauptmann,Betty Hauptmann,Canada,New Brunswick,Fredericton,45.963589,-66.643112,E3B 2H2,female,Bachelor,Suburban,54655.0,Married,Nova,2015-08-29,0,2796.87,Standard,N,2315 days,200519_1
8,208241,0.8560250391236307,0.1891891891891892,1209.162162162162,11.684251762862367,644,0,0.9736842105263158,0.0,0.0,0.0,0.0,0.0,0.0,0.0,0.0,0.0,0.0,0.2972972972972973,0.7027027027027027,Velda,Shank,Velda Shank,Canada,British Columbia,Vancouver,49.28273,-123.12074,V5R 1W3,female,Doctor,Suburban,17572.0,Married,Nova,2017-08-24,0,4318.43,Standard,N,1589 days,208241_1
9,208485,0.0,0.29411764705882354,2005.431969309463,0.0,78390,0,5.666666666666667,0.028132992327365727,0.04092071611253197,0.04092071611253197,0.056265984654731455,0.07672634271099744,0.09718670076726342,0.10741687979539642,0.13043478260869565,0.061381074168797956,0.12276214833759591,0.09207161125319693,0.14578005115089515,Charise,Winson,Charise Winson,Canada,Ontario,Toronto,43.653225,-79.383186,P1L 8X8,male,Bachelor,Suburban,35970.0,Divorced,Star,2017-09-23,0,3895.96,Standard,N,1559 days,208485_1
10,215508,0.5015464622964281,0.3753351206434316,1959.5557640750671,19.944179764243618,36422,0,5.7384615384615385,0.05361930294906166,0.0,0.17962466487935658,0.03485254691689008,0.04289544235924933,0.064343163538874,0.08847184986595175,0.2037533512064343,0.064343163538874,0.06166219839142091,0.03485254691689008,0.17158176943699732,Margart,Rigg,Margart Rigg,Canada,British Columbia,Vancouver,49.28273,-123.12074,V6E 3D9,male,Bachelor,Rural,88592.0,Married,Nova,2017-10-23,0,18321.42,Standard,N,1529 days,215508_1
11,237094,0.06238957597173145,0.19554455445544555,1793.7121287128712,160.3229424778761,67928,0,6.3125,0.027227722772277228,0.012376237623762377,0.0,0.07425742574257425,0.17326732673267325,0.20297029702970298,0.12623762376237624,0.017326732673267328,0.1485148514851485,0.05198019801980198,0.04950495049504951,0.11633663366336634,Jean,Colleran,Jean Colleran,Canada,British Columbia,Vancouver,49.28273,-123.12074,V5R 1W3,male,Bachelor,Rural,43478.0,Married,Nova,2017-12-22,0,6446.92,Standard,N,1469 days,237094_1
12,243741,0.3320004442963457,0.2591549295774648,1775.7574647887325,30.129230989819817,42098,0,5.725806451612903,0.014084507042253521,0.014084507042253521,0.03943661971830986,0.03380281690140845,0.04225352112676056,0.10140845070422536,0.27605633802816903,0.09859154929577464,0.05352112676056338,0.08450704225352113,0.0647887323943662,0.17746478873239438,Denese,Kinser,Denese Kinser,Canada,British Columbia,Vancouver,49.28273,-123.12074,V6E 3D9,female,Bachelor,Suburban,84302.0,Married,Star,2016-04-02,0,7425.85,Standard,N,2098 days,243741_1
13,255475,0.13926931469804676,0.22404371584699453,2041.4896174863386,71.82401230414303,64294,0,5.382352941176471,0.03278688524590164,0.07103825136612021,0.10109289617486339,0.01639344262295082,0.0273224043715847,0.13114754098360656,0.14207650273224043,0.09289617486338798,0.10109289617486339,0.13114754098360656,0.10655737704918032,0.04644808743169399,Florida,Corvelli,Florida Corvelli,Canada,British Columbia,Vancouver,49.28273,-123.12074,V5R 1W3,male,Bachelor,Suburban,26026.0,Single,Star,2015-12-26,0,4369.04,Standard,N,2196 days,255475_1
14,255836,0.23616459320695102,0.23225806451612904,1742.9427956989248,42.355286124902015,61889,0,6.940298507462686,0.04086021505376344,0.0967741935483871,0.010752688172043012,0.06881720430107527,0.12258064516129032,0.08602150537634409,0.1935483870967742,0.1053763440860215,0.09032258064516129,0.07096774193548387,0.023655913978494623,0.09032258064516129,Cristy,Ossowski,Cristy Ossowski,Canada,Ontario,Toronto,43.653225,-79.383186,P2T 6G3,male,Bachelor,Suburban,32848.0,Married,Star,2016-05-10,0,5876.05,Standard,N,2060 days,255836_1
15,278854,0.37751179345387514,0.2962962962962963,2350.0062678062677,26.497018952778667,51331,0,5.014285714285714,0.03133903133903134,0.039886039886039885,0.1225071225071225,0.07122507122507123,0.014245014245014245,0.23931623931623933,0.05413105413105413,0.08831908831908832,0.05413105413105413,0.13105413105413105,0.06552706552706553,0.08831908831908832,Marylee,Villicana,Marylee Villicana,Canada,Quebec,Tremblant,46.118462,-74.596184,H5Y 2S9,female,High School or Below,Urban,20799.0,Single,Star,2017-08-16,0,28328.47,Standard,N,1597 days,278854_1
16,279419,0.5490897755610973,0.3283582089552239,1995.6915422885572,18.218043917614732,36163,0,5.826086956521739,0.029850746268656716,0.07711442786069651,0.09950248756218906,0.05472636815920398,0.012437810945273632,0.05223880597014925,0.15671641791044777,0.14925373134328357,0.11442786069651742,0.11940298507462686,0.10199004975124377,0.03233830845771144,Reyes,Sobczak,Reyes Sobczak,Canada,British Columbia,West Vancouver,49.328625,-123.16019,V6V 8Z3,female,College,Urban,0.0,Single,Star,2016-07-03,0,4117.37,Standard,N,2006 days,279419_1
17,286636,0.5524601976859594,0.34705882352941175,2164.0988235294117,18.107830880543386,32917,0,4.788732394366197,0.07058823529411765,0.05,0.023529411764705882,0.008823529411764706,0.08823529411764706,0.07647058823529412,0.1676470588235294,0.1411764705882353,0.12941176470588237,0.12058823529411765,0.052941176470588235,0.07058823529411765,Elvin,Suddarth,Elvin Suddarth,Canada,Quebec,Montreal,45.50169,-73.567253,H4G 3T4,female,Bachelor,Suburban,81872.0,Married,Aurora,2015-04-01,0,14024.36,Standard,N,2465 days,286636_1
18,295906,0.07999664795106008,0.2783882783882784,2186.279487179487,125.04804106432015,54892,0,4.014705882352941,0.09523809523809523,0.03296703296703297,0.1684981684981685,0.11721611721611722,0.1391941391941392,0.14652014652014653,0.06227106227106227,0.02564102564102564,0.08424908424908426,0.040293040293040296,0.07326007326007326,0.014652014652014652,Shanel,Palardy,Shanel Palardy,Canada,British Columbia,Vancouver,49.28273,-123.12074,V6E 3D9,male,Bachelor,Urban,52957.0,Married,Nova,2016-04-28,0,4530.39,Standard,N,2072 days,295906_1
19,304600,0.1938708430007734,0.22,2069.476,51.597586516405705,41693,0,4.310344827586207,0.02,0.028,0.024,0.0,0.056,0.08,0.036,0.08,0.084,0.152,0.132,0.308,Chara,Mcgrory,Chara Mcgrory,Canada,Quebec,Montreal,45.50169,-73.567253,H4G 3T4,male,High School or Below,Urban,26441.0,Married,Aurora,2018-04-07,0,5553.8,Standard,N,1363 days,304600_1
20,308480,0.0,0.0,1174.25,0.0,2347,0,0.5405405405405406,0.0,0.0,0.0,0.0,0.0,0.0,0.0,0.0,0.0,0.0,0.0,1.0,Caitlin,Iliff,Caitlin Iliff,Canada,Ontario,Toronto,43.653225,-79.383186,P5S 6R4,female,Bachelor,Suburban,65903.0,Married,Nova,2019-12-21,0,18522.29,Standard,N,740 days,308480_1
21,309230,0.4089376454385715,0.15202702702702703,2134.875337837838,24.46185499167731,37338,0,4.417910447761194,0.11486486486486487,0.013513513513513514,0.07432432432432433,0.09121621621621621,0.05405405405405406,0.0472972972972973,0.0,0.16216216216216217,0.14189189189189189,0.13175675675675674,0.07432432432432433,0.0945945945945946,Ozell,Odea,Ozell Odea,Canada,Quebec,Quebec City,46.813877,-71.207977,G1B 3L5,female,Bachelor,Urban,62808.0,Married,Aurora,2015-10-16,0,5365.93,Standard,N,2267 days,309230_1
22,322169,0.15534322998493058,0.1856060606060606,2363.432196969697,64.39072239422084,52688,0,4.327868852459017,0.026515151515151516,0.007575757575757576,0.03787878787878788,0.011363636363636364,0.03409090909090909,0.1553030303030303,0.04924242424242424,0.26515151515151514,0.07575757575757576,0.08712121212121213,0.0946969696969697,0.1553030303030303,Isaias,Boxton,Isaias Boxton,Canada,New Brunswick,Moncton,46.087818,-64.778229,E1A 2A7,male,Bachelor,Urban,57882.0,Single,Nova,2017-04-28,0,18060.48,Standard,N,1707 days,322169_1
23,323821,0.34629728289824185,0.20909090909090908,1820.6551515151514,28.88539423076923,39264,0,4.852941176470588,0.012121212121212121,0.10606060606060606,0.11818181818181818,0.030303030303030304,0.07575757575757576,0.06060606060606061,0.051515151515151514,0.17272727272727273,0.030303030303030304,0.08787878787878788,0.12121212121212122,0.13333333333333333,Emerita,Pellerin,Emerita Pellerin,Canada,British Columbia,Vancouver,49.28273,-123.12074,V1E 4R6,female,Bachelor,Rural,68189.0,Married,Nova,2019-05-16,0,26180.81,Standard,N,959 days,323821_1
24,328623,0.06378989572666831,0.22349570200573066,1987.3283667621777,156.8115758534931,64914,0,5.287878787878788,0.011461318051575931,0.07163323782234957,0.10315186246418338,0.11174785100286533,0.06876790830945559,0.05730659025787966,0.23209169054441262,0.025787965616045846,0.11461318051575932,0.0830945558739255,0.04011461318051576,0.08022922636103152,Tony,Shorrock,Tony Shorrock,Canada,Quebec,Quebec City,46.813877,-71.207977,G1B 3L5,male,Bachelor,Suburban,57938.0,Married,Star,2017-03-23,0,8072.25,Standard,N,1743 days,328623_1
25,336882,0.20374355779577505,0.24196597353497165,2003.1776937618147,49.093398193189714,84357,0,7.450704225352113,0.043478260869565216,0.08506616257088846,0.1323251417769376,0.017013232514177693,0.0661625708884688,0.10396975425330812,0.16257088846880907,0.15311909262759923,0.06049149338374291,0.11720226843100189,0.020793950850661626,0.03780718336483932,Phil,Tagalog,Phil Tagalog,Canada,Quebec,Montreal,45.50169,-73.567253,H2T 2J6,female,Bachelor,Rural,52494.0,Single,Nova,2015-04-01,0,9275.68,Standard,N,2465 days,336882_1
26,351615,0.09761099566746798,0.2216867469879518,1774.8197590361444,102.48367886461666,66442,0,6.1940298507462686,0.043373493975903614,0.04096385542168675,0.04096385542168675,0.10120481927710843,0.014457831325301205,0.06746987951807229,0.2457831325301205,0.11325301204819277,0.03855421686746988,0.10843373493975904,0.10361445783132531,0.0819277108433735,Genesis,Harry,Genesis Harry,Canada,Ontario,Toronto,43.653225,-79.383186,M2M 7K8,male,Bachelor,Urban,53526.0,Married,Nova,2017-01-06,0,5471.83,Standard,N,1819 days,351615_1
27,351937,0.5871615454822026,0.2782608695652174,2001.3391304347826,17.035825314581793,9499,0,2.4468085106382977,0.0,0.034782608695652174,0.08695652173913043,0.05217391304347826,0.17391304347826086,0.0782608695652174,0.14782608695652175,0.05217391304347826,0.16521739130434782,0.0782608695652174,0.043478260869565216,0.08695652173913043,Liberty,Caspar,Liberty Caspar,Canada,Ontario,Trenton,44.101128,-77.576309,K8V 4B2,male,Bachelor,Rural,77001.0,Single,Nova,2016-10-13,0,6769.0,Standard,N,1904 days,351937_1
28,354438,0.3274596182085169,0.35,1873.025,30.542600896860986,5038,0,1.0256410256410255,0.0,0.0,0.0,0.0,0.0,0.0,0.0,0.0,0.25,0.125,0.625,0.0,Marla,Heinicke,Marla Heinicke,Canada,Ontario,Toronto,43.653225,-79.383186,M8Y 4K8,male,Bachelor,Rural,34640.0,Married,Star,2015-07-11,0,4530.53,Standard,N,2364 days,354438_1
29,357901,0.40777827447474296,0.3974358974358974,1434.474358974359,24.531681648761236,6624,0,1.813953488372093,0.0,0.0,0.0,0.0,0.1282051282051282,0.20512820512820512,0.14102564102564102,0.10256410256410256,0.01282051282051282,0.16666666666666666,0.0,0.24358974358974358,Ozie,Hulstine,Ozie Hulstine,Canada,New Brunswick,Moncton,46.087818,-64.778229,E1A 2A7,male,College,Urban,0.0,Divorced,Nova,2020-05-06,0,2937.17,Standard,N,603 days,357901_1
30,361237,0.3223872679045093,0.21212121212121213,2539.389898989899,31.02677307882179,51092,0,4.640625,0.013468013468013467,0.11784511784511785,0.06397306397306397,0.08417508417508418,0.08080808080808081,0.12457912457912458,0.08754208754208755,0.16161616161616163,0.1750841750841751,0.06734006734006734,0.02356902356902357,0.0,Ruthann,Mazzariello,Ruthann Mazzariello,Canada,New Brunswick,Moncton,46.087818,-64.778229,E1A 2A7,female,Bachelor,Rural,34337.0,Married,Star,2015-10-10,0,9035.67,Standard,N,2273 days,361237_1
31,368073,0.43420060821875084,0.286144578313253,2318.1855421686746,23.036144866806346,43536,0,5.26984126984127,0.02710843373493976,0.024096385542168676,0.02710843373493976,0.12349397590361445,0.16265060240963855,0.07530120481927711,0.18072289156626506,0.04819277108433735,0.006024096385542169,0.06325301204819277,0.045180722891566265,0.21686746987951808,Enedina,Dickason,Enedina Dickason,Canada,Quebec,Quebec City,46.813877,-71.207977,G1B 3L5,male,Bachelor,Urban,66661.0,Single,Star,2018-03-20,0,42561.63,Standard,N,1381 days,368073_1
32,373638,0.0,0.11290322580645161,1287.4032258064517,0.0,7979,0,1.55,0.0,0.0,0.0,0.0,0.0,0.0,0.0,0.0,0.3548387096774194,0.20967741935483872,0.14516129032258066,0.2903225806451613,Kenneth,Bringard,Kenneth Bringard,Canada,Ontario,Thunder Bay,48.380894,-89.247681,K8T 5M5,female,Bachelor,Suburban,82807.0,Divorced,Star,2017-10-10,0,11073.11,Standard,N,1542 days,373638_1
33,402697,0.37384278344444183,0.21341463414634146,2589.073780487805,26.755393824826715,26581,0,3.215686274509804,0.07317073170731707,0.10975609756097561,0.018292682926829267,0.10365853658536585,0.12804878048780488,0.012195121951219513,0.04878048780487805,0.13414634146341464,0.0,0.09146341463414634,0.1524390243902439,0.12804878048780488,Young,Tomaselli,Young Tomaselli,Canada,British Columbia,Vancouver,49.28273,-123.12074,V1E 4R6,female,Bachelor,Suburban,54000.0,Divorced,Star,2016-01-10,0,2644.68,Standard,N,2181 days,402697_1
34,411030,0.0,0.2,5758.533333333334,0.0,8636,0,0.39473684210526316,0.0,0.0,0.0,0.0,0.0,0.0,0.0,0.0,0.0,0.0,0.4,0.6,Olimpia,Gerundo,Olimpia Gerundo,Canada,Ontario,Toronto,43.653225,-79.383186,P1J 8T7,female,College,Rural,0.0,Single,Star,2020-04-17,0,6503.14,Standard,N,622 days,411030_1
35,411523,0.43884588741981145,0.1951219512195122,1800.1644986449862,22.793929723423236,37264,0,5.590909090909091,0.07859078590785908,0.07588075880758807,0.0,0.07859078590785908,0.12466124661246612,0.17615176151761516,0.15447154471544716,0.12737127371273713,0.06233062330623306,0.02168021680216802,0.05420054200542006,0.04607046070460705,Shantell,Regn,Shantell Regn,Canada,British Columbia,Vancouver,49.28273,-123.12074,V5R 1W3,male,Bachelor,Rural,37124.0,Married,Nova,2016-09-20,0,2832.51,Standard,N,1927 days,411523_1
36,417240,0.4348749443958157,0.20555555555555555,1936.4927777777777,23.003279878571902,39383,0,5.454545454545454,0.013888888888888888,0.09722222222222222,0.027777777777777776,0.1361111111111111,0.18333333333333332,0.14722222222222223,0.041666666666666664,0.025,0.14722222222222223,0.013888888888888888,0.06666666666666667,0.1,Tiera,Landoni,Tiera Landoni,Canada,Ontario,Trenton,44.101128,-77.576309,K8V 4B2,female,High School or Below,Suburban,16645.0,Married,Nova,2016-02-04,0,39769.56,Standard,N,2156 days,417240_1
37,434807,0.14350857579947635,0.13746630727762804,1832.9981132075472,69.70503280032801,58226,0,5.621212121212121,0.11320754716981132,0.0646900269541779,0.11320754716981132,0.08355795148247978,0.14285714285714285,0.1320754716981132,0.016172506738544475,0.09973045822102426,0.03504043126684636,0.11859838274932614,0.03504043126684636,0.04582210242587601,Mica,Kightlinger,Mica Kightlinger,Canada,Quebec,Montreal,45.50169,-73.567253,H4G 3T4,female,College,Suburban,0.0,Single,Nova,2015-07-06,0,19668.87,Standard,N,2369 days,434807_1
38,444092,0.11250188184183926,0.20351758793969849,2337.1761306532662,88.91188109348117,82532,0,5.768115942028985,0.08542713567839195,0.07035175879396985,0.0678391959798995,0.03015075376884422,0.06030150753768844,0.13819095477386933,0.0728643216080402,0.11809045226130653,0.04020100502512563,0.12060301507537688,0.1306532663316583,0.06532663316582915,Dannette,Cureton,Dannette Cureton,Canada,British Columbia,Vancouver,49.28273,-123.12074,V1E 4R6,female,College,Suburban,0.0,Single,Star,2019-06-02,0,4558.5,Standard,N,942 days,444092_1
39,460272,0.35192897217884206,0.36466165413533835,2600.4627819548873,28.421526008710657,44818,0,4.433333333333334,0.022556390977443608,0.07142857142857142,0.045112781954887216,0.022556390977443608,0.02631578947368421,0.011278195488721804,0.21052631578947367,0.06766917293233082,0.03759398496240601,0.07142857142857142,0.12030075187969924,0.2932330827067669,Leonia,Gingery,Leonia Gingery,Canada,Nova Scotia,Halifax,44.648766,-63.575237,B3J 9S2,male,Bachelor,Suburban,58620.0,Married,Aurora,2019-07-31,0,17006.0,Standard,N,883 days,460272_1
40,464187,0.4255737141313557,0.21784232365145229,1690.1711618257261,23.50439988459319,46783,0,6.9855072463768115,0.043568464730290454,0.058091286307053944,0.1016597510373444,0.1078838174273859,0.10995850622406639,0.13278008298755187,0.06431535269709543,0.13070539419087138,0.03734439834024896,0.11825726141078838,0.006224066390041493,0.08921161825726141,Camelia,Stokey,Camelia Stokey,Canada,British Columbia,Vancouver,49.28273,-123.12074,V5R 1W3,female,College,Urban,0.0,Single,Nova,2016-09-29,0,4574.55,Standard,N,1918 days,464187_1
41,464256,0.15652032981503616,0.215,2468.8379999999997,63.90986280093192,41635,0,3.4482758620689653,0.05,0.055,0.025,0.045,0.02,0.09,0.025,0.145,0.12,0.11,0.18,0.135,Jody,Scull,Jody Scull,Canada,Ontario,Toronto,43.653225,-79.383186,P2T 6G3,male,Bachelor,Suburban,49311.0,Married,Star,2017-03-29,0,6010.5,Standard,N,1737 days,464256_1
42,465260,0.2087325816884805,0.23529411764705882,1946.6164705882352,47.921917312287306,52355,0,5.396825396825397,0.008823529411764706,0.0,0.05,0.052941176470588235,0.24411764705882352,0.008823529411764706,0.2529411764705882,0.06764705882352941,0.06470588235294118,0.11176470588235295,0.09705882352941177,0.041176470588235294,Michell,Warth,Michell Warth,Canada,British Columbia,Vancouver,49.28273,-123.12074,V6E 3Z3,female,Bachelor,Urban,79140.0,Married,Aurora,2015-11-04,0,5977.79,Standard,N,2248 days,465260_1
43,470998,0.2919567379413227,0.25,2366.544117647059,34.26123057270598,11391,0,1.619047619047619,0.0,0.0,0.0,0.0,0.0,0.0,0.17647058823529413,0.08823529411764706,0.1323529411764706,0.3088235294117647,0.20588235294117646,0.08823529411764706,Odessa,Eckley,Odessa Eckley,Canada,Ontario,Kingston,44.231171,-76.485954,M9K 2P4,female,High School or Below,Rural,21616.0,Single,Aurora,2021-01-01,0,6608.17,Standard,N,363 days,470998_1
44,474305,0.377635271849096,0.39114391143911437,2261.9579335793355,26.487084647625633,38141,0,4.927272727272728,0.033210332103321034,0.04797047970479705,0.02952029520295203,0.04428044280442804,0.04059040590405904,0.07380073800738007,0.07380073800738007,0.055350553505535055,0.15867158671586715,0.07011070110701106,0.0959409594095941,0.2767527675276753,Bennie,Oregan,Bennie Oregan,Canada,Manitoba,Winnipeg,49.895138,-97.138374,R2C 0M5,male,Bachelor,Urban,36510.0,Married,Aurora,2016-01-25,0,6721.89,Standard,N,2166 days,474305_1
45,486860,0.8531689423272876,0.21176470588235294,2309.9176470588236,11.72477009435089,2882,0,1.9767441860465116,0.0,0.0,0.12941176470588237,0.0,0.0,0.011764705882352941,0.15294117647058825,0.08235294117647059,0.15294117647058825,0.18823529411764706,0.2823529411764706,0.0,Adah,Byland,Adah Byland,Canada,British Columbia,Vancouver,49.28273,-123.12074,V5R 1W3,male,Bachelor,Urban,63513.0,Married,Aurora,2018-08-14,0,8471.42,Standard,N,1234 days,486860_1
46,499874,0.11706728818079568,0.21497584541062803,2083.735265700483,85.44635499207607,76145,0,5.830985915492958,0.07246376811594203,0.03140096618357488,0.13285024154589373,0.050724637681159424,0.05314009661835749,0.10386473429951691,0.12560386473429952,0.14009661835748793,0.12077294685990338,0.09903381642512077,0.043478260869565216,0.026570048309178744,Millicent,Ina,Millicent Ina,Canada,British Columbia,West Vancouver,49.328625,-123.16019,V6V 8Z3,male,College,Suburban,0.0,Single,Nova,2015-09-15,0,4745.68,Standard,N,2298 days,499874_1
47,511862,0.2596468345540283,0.27851458885941643,2644.441379310345,38.523683295335985,73791,0,5.712121212121212,0.04774535809018567,0.0,0.10875331564986737,0.058355437665782495,0.07427055702917772,0.13527851458885942,0.09283819628647215,0.14588859416445624,0.129973474801061,0.09549071618037135,0.010610079575596816,0.10079575596816977,Jinny,Seikaly,Jinny Seikaly,Canada,Alberta,Edmonton,53.544388,-113.49093,T3G 6Y6,male,Bachelor,Rural,68197.0,Married,Nova,2016-10-21,0,5553.3,Standard,N,1896 days,511862_1
48,512296,0.26665587868139995,0.3186046511627907,2012.6481395348835,37.51359774599046,63446,0,6.056338028169014,0.018604651162790697,0.009302325581395349,0.10232558139534884,0.046511627906976744,0.08837209302325581,0.1325581395348837,0.1744186046511628,0.03953488372093023,0.09302325581395349,0.11162790697674418,0.037209302325581395,0.14651162790697675,Pattie,Forck,Pattie Forck,Canada,British Columbia,Whistler,50.116322,-122.95736,V6T 1Y8,female,Bachelor,Rural,93621.0,Married,Star,2015-04-01,0,4029.72,Standard,N,2465 days,512296_1
49,528447,0.49786886332015634,0.3008130081300813,2455.110569105691,20.092614442867283,45474,0,5.271428571428571,0.056910569105691054,0.04336043360433604,0.08943089430894309,0.04336043360433604,0.05962059620596206,0.0975609756097561,0.21680216802168023,0.07317073170731707,0.13821138211382114,0.02168021680216802,0.1002710027100271,0.05962059620596206,Belinda,Kleinberg,Belinda Kleinberg,Canada,Alberta,Banff,51.178398,-115.5708,T4V 1D4,female,College,Rural,0.0,Single,Nova,2015-08-24,0,9402.73,Standard,N,2320 days,528447_1
50,536021,0.8237650200267023,0.038461538461538464,2016.9615384615386,12.141931002546887,924,0,0.6842105263157895,0.0,0.0,0.0,0.0,0.0,0.0,0.0,0.0,0.0,0.0,0.6153846153846154,0.38461538461538464,Pierre,Mcmurdie,Pierre Mcmurdie,Canada,Ontario,Toronto,43.653225,-79.383186,M8Y 4K8,female,Bachelor,Suburban,25813.0,Divorced,Star,2019-05-08,0,4784.96,Standard,N,967 days,536021_1
51,546259,0.0,0.0,0.0,0.0,0,0,0.0,0.0,0.0,0.0,0.0,0.0,0.0,0.0,0.0,0.0,0.0,0.0,0.0,Pamula,Brenda,Pamula Brenda,Canada,Ontario,Ottawa,45.421532,-75.697189,K1F 2R2,male,Bachelor,Suburban,95438.0,Married,Star,2015-04-01,0,3352.87,Standard,N,2465 days,546259_1
52,547522,0.7380287832533798,0.23076923076923078,1960.3931623931624,13.553507061395734,6007,0,2.5434782608695654,0.1111111111111111,0.06837606837606838,0.042735042735042736,0.1111111111111111,0.19658119658119658,0.008547008547008548,0.1452991452991453,0.10256410256410256,0.05982905982905983,0.15384615384615385,0.0,0.0,Latonia,Much,Latonia Much,Canada,British Columbia,Vancouver,49.28273,-123.12074,V6E 3D9,male,Bachelor,Rural,90334.0,Divorced,Aurora,2019-01-17,0,9635.58,Standard,N,1078 days,547522_1
53,573446,0.09255160035895901,0.2606060606060606,2533.3942424242423,108.08275371687137,75840,0,4.714285714285714,0.07575757575757576,0.021212121212121213,0.09090909090909091,0.08181818181818182,0.13636363636363635,0.14242424242424243,0.19393939393939394,0.06060606060606061,0.048484848484848485,0.05454545454545454,0.05454545454545454,0.03939393939393939,Marybelle,Grandy,Marybelle Grandy,Canada,Saskatchewan,Regina,50.44521,-104.6189,S1J 3C5,female,College,Suburban,0.0,Married,Nova,2017-10-22,0,4018.88,Standard,N,1530 days,573446_1
54,582493,0.5843732694561424,0.2804232804232804,2054.840740740741,17.11763487306065,32273,0,5.4,0.07407407407407407,0.10582010582010581,0.07407407407407407,0.0291005291005291,0.09788359788359788,0.0873015873015873,0.13227513227513227,0.11375661375661375,0.09788359788359788,0.12962962962962962,0.013227513227513227,0.04497354497354497,Claude,Moseley,Claude Moseley,Canada,Ontario,Toronto,43.653225,-79.383186,M1R 4K3,male,Bachelor,Urban,43836.0,Single,Star,2017-02-04,0,2813.69,Standard,N,1790 days,582493_1
55,584782,0.4173279352226721,0.35443037974683544,3127.3797468354433,23.968083042297245,14392,0,1.8372093023255813,0.0,0.0,0.0,0.0,0.0,0.05063291139240506,0.20253164556962025,0.189873417721519,0.189873417721519,0.11392405063291139,0.12658227848101267,0.12658227848101267,Orval,Stagles,Orval Stagles,Canada,Ontario,Ottawa,45.421532,-75.697189,K1F 2R2,male,Doctor,Urban,11904.0,Single,Nova,2019-11-28,0,4254.62,Standard,N,763 days,584782_1
56,584833,0.255185497470489,0.22857142857142856,1694.7792857142858,39.198595737650756,17667,0,2.857142857142857,0.03571428571428571,0.07142857142857142,0.17142857142857143,0.014285714285714285,0.05,0.19285714285714287,0.08571428571428572,0.09285714285714286,0.0,0.07857142857142857,0.06428571428571428,0.14285714285714285,Earnestine,Koning,Earnestine Koning,Canada,Quebec,Montreal,45.50169,-73.567253,H2T 9K8,female,Bachelor,Rural,25134.0,Married,Nova,2017-08-30,0,5318.9,Standard,N,1583 days,584833_1
57,585756,0.15757924268562568,0.2255892255892256,1932.969696969697,63.48468428618821,48344,0,4.367647058823529,0.09427609427609428,0.04377104377104377,0.09427609427609428,0.08080808080808081,0.09090909090909091,0.09427609427609428,0.030303030303030304,0.09764309764309764,0.09090909090909091,0.10437710437710437,0.13468013468013468,0.04377104377104377,Laurette,Wms,Laurette Wms,Canada,Quebec,Quebec City,46.813877,-71.207977,G1B 3L5,male,Bachelor,Rural,25221.0,Married,Star,2017-04-06,0,3818.47,Standard,N,1729 days,585756_1
58,593252,0.2108029349013894,0.12222222222222222,2135.914444444444,47.45304862996791,30332,0,3.6,0.03888888888888889,0.022222222222222223,0.12777777777777777,0.07777777777777778,0.022222222222222223,0.016666666666666666,0.09444444444444444,0.13333333333333333,0.12777777777777777,0.05555555555555555,0.016666666666666666,0.26666666666666666,Dorthea,Niang,Dorthea Niang,Canada,Quebec,Montreal,45.50169,-73.567253,H4G 3T4,male,Bachelor,Urban,26849.0,Married,Aurora,2018-12-31,0,7295.43,Standard,N,1095 days,593252_1
59,601131,0.21305149356330458,0.3034188034188034,2736.229914529915,46.95151426266774,50371,0,3.9,0.02564102564102564,0.05555555555555555,0.14957264957264957,0.008547008547008548,0.07692307692307693,0.04700854700854701,0.12393162393162394,0.21367521367521367,0.1282051282051282,0.04700854700854701,0.06837606837606838,0.05555555555555555,Ashly,Mend,Ashly Mend,Canada,British Columbia,West Vancouver,49.328625,-123.16019,V6V 8Z3,male,Bachelor,Urban,37876.0,Single,Star,2019-01-15,0,2647.52,Standard,N,1080 days,601131_1
60,604274,0.11617760786774255,0.2689075630252101,1920.2635854341736,86.10074101984426,60571,0,5.578125,0.028011204481792718,0.05322128851540616,0.07563025210084033,0.022408963585434174,0.11764705882352941,0.12324929971988796,0.1876750700280112,0.15406162464985995,0.09803921568627451,0.0028011204481792717,0.022408963585434174,0.11484593837535013,Bok,Layous,Bok Layous,Canada,Ontario,Toronto,43.653225,-79.383186,M8Y 4K8,male,College,Rural,0.0,Single,Star,2018-02-17,0,6062.44,Standard,N,1412 days,604274_1
61,604870,0.267978236423322,0.268348623853211,2019.6944954128442,37.3256527636487,64445,0,6.228571428571429,0.06192660550458716,0.027522935779816515,0.10550458715596331,0.07110091743119266,0.06422018348623854,0.11697247706422019,0.13761467889908258,0.1628440366972477,0.09862385321100918,0.011467889908256881,0.04357798165137615,0.09862385321100918,Elva,Martiny,Elva Martiny,Canada,Ontario,Toronto,43.653225,-79.383186,M2P 4F6,male,Doctor,Suburban,12160.0,Married,Nova,2015-12-13,0,4213.92,Standard,N,2209 days,604870_1
62,615439,0.2977605591704412,0.3254437869822485,2574.231656804734,33.59292305316397,61085,0,4.898550724637682,0.09763313609467456,0.07396449704142012,0.09171597633136094,0.023668639053254437,0.06804733727810651,0.029585798816568046,0.11242603550295859,0.16272189349112426,0.10650887573964497,0.03254437869822485,0.11538461538461539,0.08579881656804733,Lon,Castor,Lon Castor,Canada,Manitoba,Winnipeg,49.895138,-97.138374,R2C 0M5,male,Doctor,Rural,14957.0,Single,Star,2016-02-12,0,4763.33,Standard,N,2148 days,615439_1
63,615561,0.030201265094882117,0.28028503562945367,2065.979097387173,331.217517136329,84324,0,6.2835820895522385,0.05463182897862233,0.0498812351543943,0.16389548693586697,0.052256532066508314,0.166270783847981,0.07363420427553444,0.10451306413301663,0.028503562945368172,0.07125890736342043,0.14726840855106887,0.07363420427553444,0.014251781472684086,Gail,Pousson,Gail Pousson,Canada,Quebec,Quebec City,46.813877,-71.207977,G1B 3L5,male,College,Rural,0.0,Single,Star,2015-09-25,0,4311.42,Standard,N,2288 days,615561_1
64,617489,0.3675540284512379,0.31693989071038253,2553.2139344262296,27.21405731259829,59085,0,5.083333333333333,0.06557377049180328,0.04371584699453552,0.08743169398907104,0.05191256830601093,0.13387978142076504,0.07650273224043716,0.1830601092896175,0.13934426229508196,0.03551912568306011,0.060109289617486336,0.060109289617486336,0.06284153005464481,Gala,Etulain,Gala Etulain,Canada,Ontario,Thunder Bay,48.380894,-89.247681,K8T 5M5,female,Bachelor,Suburban,23504.0,Married,Star,2015-04-01,0,5747.27,Standard,N,2465 days,617489_1
65,622975,0.0,0.24087591240875914,1756.6131386861314,0.0,24061,0,2.9782608695652173,0.12408759124087591,0.0364963503649635,0.13138686131386862,0.06569343065693431,0.08759124087591241,0.13138686131386862,0.1386861313868613,0.12408759124087591,0.058394160583941604,0.10218978102189781,0.0,0.0,Bettyann,Loggens,Bettyann Loggens,Canada,Newfoundland,St. John's,47.561508,-52.712578,A1C 6H9,male,Bachelor,Suburban,39192.0,Divorced,Nova,2016-01-12,0,2846.17,Standard,N,2179 days,622975_1
66,642020,0.20592762587109234,0.12154696132596685,1974.5704419889503,48.57260804566458,56746,0,5.65625,0.0,0.008287292817679558,0.019337016574585635,0.06353591160220995,0.07458563535911603,0.11602209944751381,0.12430939226519337,0.11878453038674033,0.13535911602209943,0.058011049723756904,0.09668508287292818,0.1850828729281768,Mitchell,Heininger,Mitchell Heininger,Canada,British Columbia,Dawson Creek,55.759628,-120.23766,U5I 4F1,female,Bachelor,Urban,58508.0,Single,Star,2015-04-01,0,2712.92,Standard,N,2465 days,642020_1
67,646756,0.0,0.0,0.0,0.0,0,0,0.0,0.0,0.0,0.0,0.0,0.0,0.0,0.0,0.0,0.0,0.0,0.0,0.0,Shery,Arevalos,Shery Arevalos,Canada,New Brunswick,Fredericton,45.963589,-66.643112,E3B 2H2,male,Bachelor,Rural,72297.0,Married,Star,2019-02-01,0,10492.97,Standard,N,1063 days,646756_1
68,650466,0.10993699957330388,0.23227383863080683,1948.8129584352077,90.98909817351598,70922,0,5.680555555555555,0.029339853300733496,0.02444987775061125,0.13691931540342298,0.11735941320293398,0.10024449877750612,0.14425427872860636,0.08801955990220049,0.09535452322738386,0.03667481662591687,0.09046454767726161,0.07823960880195599,0.05867970660146699,Becki,Schlette,Becki Schlette,Canada,Ontario,Toronto,43.653225,-79.383186,M2P 4F6,male,Bachelor,Urban,86689.0,Single,Star,2015-04-07,0,3371.86,Standard,N,2459 days,650466_1
69,653081,0.6057809330628803,0.27530364372469635,1597.4388663967613,16.51462414197221,15548,0,4.410714285714286,0.0,0.020242914979757085,0.012145748987854251,0.08097165991902834,0.06477732793522267,0.0,0.08502024291497975,0.17408906882591094,0.11740890688259109,0.1700404858299595,0.1700404858299595,0.10526315789473684,Carmina,Riojas,Carmina Riojas,Canada,Alberta,Edmonton,53.544388,-113.49093,T3G 6Y6,male,Bachelor,Rural,35482.0,Married,Aurora,2015-07-21,0,10208.93,Standard,N,2354 days,653081_1
70,682979,0.21392412183255055,0.23076923076923078,2026.660113960114,46.759856701505285,55901,0,5.086956521739131,0.02564102564102564,0.08262108262108261,0.09401709401709402,0.09686609686609686,0.09686609686609686,0.14814814814814814,0.07977207977207977,0.08831908831908832,0.1111111111111111,0.11396011396011396,0.045584045584045586,0.017094017094017096,Darleen,Akre,Darleen Akre,Canada,Ontario,Toronto,43.653225,-79.383186,M1R 4K3,male,Bachelor,Suburban,60475.0,Married,Star,2017-06-06,0,4330.39,Standard,N,1668 days,682979_1
71,684123,0.5068336458296482,0.24806201550387597,2191.695607235142,19.734439274080966,41821,0,5.5285714285714285,0.06201550387596899,0.07751937984496124,0.09819121447028424,0.04909560723514212,0.056847545219638244,0.16795865633074936,0.08010335917312661,0.14728682170542637,0.020671834625323,0.03617571059431524,0.10594315245478036,0.09819121447028424,Yuko,Schiffman,Yuko Schiffman,Canada,British Columbia,Whistler,50.116322,-122.95736,V6T 1Y8,male,Doctor,Rural,23815.0,Married,Nova,2016-01-13,0,8257.67,Standard,N,2178 days,684123_1
72,684881,0.39956006425377344,0.1887905604719764,2038.9563421828907,25.034632379572617,41491,0,4.774647887323944,0.07964601769911504,0.02359882005899705,0.12389380530973451,0.035398230088495575,0.09144542772861357,0.02064896755162242,0.19174041297935104,0.05014749262536873,0.05604719764011799,0.10029498525073746,0.058997050147492625,0.168141592920354,Suzie,Inglese,Suzie Inglese,Canada,British Columbia,Vancouver,49.28273,-123.12074,V6E 3Z3,female,College,Rural,0.0,Married,Star,2015-06-19,0,2607.82,Standard,N,2386 days,684881_1
73,684889,0.21201315292497055,0.23768115942028986,2609.813333333333,47.177657846476286,70933,0,4.859154929577465,0.057971014492753624,0.07536231884057971,0.06956521739130435,0.0782608695652174,0.08985507246376812,0.11594202898550725,0.11884057971014493,0.12173913043478261,0.0927536231884058,0.1072463768115942,0.034782608695652174,0.03768115942028986,Bernard,Lindblom,Bernard Lindblom,Canada,British Columbia,Dawson Creek,55.759628,-120.23766,U5I 4F1,female,Bachelor,Urban,41829.0,Married,Star,2015-10-27,0,8966.31,Standard,N,2256 days,684889_1
74,687951,0.340840035746202,0.32,2238.84,29.35028841111694,7376,0,1.2195121951219512,0.0,0.0,0.0,0.0,0.0,0.0,0.0,0.28,0.1,0.26,0.26,0.1,Melba,Goldbeck,Melba Goldbeck,Canada,British Columbia,Vancouver,49.28273,-123.12074,V5R 1W3,female,College,Urban,0.0,Divorced,Aurora,2020-04-14,0,6355.68,Standard,N,625 days,687951_1
75,702482,0.0,0.2962962962962963,1841.358024691358,0.0,14911,0,1.9285714285714286,0.0,0.0,0.0,0.0,0.0,0.2222222222222222,0.09876543209876543,0.0,0.1728395061728395,0.16049382716049382,0.16049382716049382,0.18518518518518517,Molly,Leviton,Molly Leviton,Canada,British Columbia,Whistler,50.116322,-122.95736,V6T 1Y8,female,College,Suburban,0.0,Single,Star,2019-06-03,0,11972.78,Standard,N,941 days,702482_1
76,713132,0.2113261328708553,0.2976190476190476,1733.8098214285715,47.33567075648005,45930,0,4.732394366197183,0.10416666666666667,0.008928571428571428,0.0744047619047619,0.1130952380952381,0.10119047619047619,0.15476190476190477,0.08035714285714286,0.06845238095238096,0.0744047619047619,0.023809523809523808,0.09821428571428571,0.09821428571428571,Carina,Gaede,Carina Gaede,Canada,Alberta,Edmonton,53.544388,-113.49093,T3G 6Y6,male,Bachelor,Rural,32390.0,Married,Aurora,2017-05-27,0,6285.48,Standard,N,1678 days,713132_1
77,727507,0.4722154222766218,0.391304347826087,4144.95652173913,21.180626527438346,15092,0,1.4680851063829787,0.08695652173913043,0.11594202898550725,0.0,0.028985507246376812,0.043478260869565216,0.057971014492753624,0.0,0.2028985507246377,0.028985507246376812,0.028985507246376812,0.2898550724637681,0.11594202898550725,Florrie,Sypolt,Florrie Sypolt,Canada,British Columbia,Vancouver,49.28273,-123.12074,V5R 1W3,male,College,Rural,0.0,Single,Star,2020-06-29,0,2452.36,Standard,N,549 days,727507_1
78,732304,0.1762080577757942,0.35,2465.21,56.76283674879116,20304,0,2.272727272727273,0.0,0.0,0.0,0.0,0.05,0.27,0.08,0.27,0.08,0.04,0.08,0.13,Raelene,Lukasiewicz,Raelene Lukasiewicz,Canada,Ontario,Toronto,43.653225,-79.383186,M2M 6J7,male,Bachelor,Rural,67282.0,Married,Star,2018-03-10,0,2487.73,Standard,N,1391 days,732304_1
79,736504,0.5385598884175045,0.27790432801822323,1960.2738041002276,18.572573648429913,39700,0,6.097222222222222,0.06150341685649203,0.07061503416856492,0.0774487471526196,0.08428246013667426,0.07061503416856492,0.09339407744874716,0.05922551252847381,0.11389521640091116,0.05694760820045558,0.09339407744874716,0.10933940774487472,0.10933940774487472,Wilmer,Lamagna,Wilmer Lamagna,Canada,Ontario,Toronto,43.653225,-79.383186,M8Y 4K8,male,Bachelor,Rural,32918.0,Married,Aurora,2015-09-12,0,6631.67,Standard,N,2301 days,736504_1
80,738567,0.10553979059787243,0.3137254901960784,2338.5990196078433,94.78295364238411,63987,0,4.5,0.08496732026143791,0.06209150326797386,0.12418300653594772,0.06209150326797386,0.0392156862745098,0.00980392156862745,0.12745098039215685,0.049019607843137254,0.06862745098039216,0.10457516339869281,0.06862745098039216,0.19934640522875818,Vernon,Prosperie,Vernon Prosperie,Canada,New Brunswick,Fredericton,45.963589,-66.643112,E3B 2H2,male,Bachelor,Rural,91804.0,Married,Star,2021-04-20,0,5017.61,2021 Promotion,N,254 days,738567_1
81,746226,0.0,0.35,1547.7,0.0,3094,0,0.5405405405405406,0.0,0.0,0.0,0.0,0.0,0.0,0.0,0.0,0.0,0.0,0.0,1.0,Theodora,Sampieri,Theodora Sampieri,Canada,British Columbia,Whistler,50.116322,-122.95736,V6T 1Y8,female,Bachelor,Urban,43177.0,Married,Star,2021-01-17,0,4089.04,Standard,N,347 days,746226_1
82,750578,0.7386497294754175,0.3181818181818182,1933.0454545454545,13.543630573248407,1111,0,0.5641025641025641,0.0,0.0,0.0,0.0,0.0,0.0,0.0,0.0,0.0,0.36363636363636365,0.45454545454545453,0.18181818181818182,Harris,Caoile,Harris Caoile,Canada,British Columbia,Vancouver,49.28273,-123.12074,V6E 3Z3,male,Doctor,Urban,23124.0,Married,Nova,2017-10-23,0,4372.49,Standard,N,1529 days,750578_1
83,750665,0.2944388082016232,0.2113022113022113,1841.177886977887,33.97376796481843,52855,0,5.985294117647059,0.012285012285012284,0.11302211302211303,0.09090909090909091,0.022113022113022112,0.14004914004914004,0.07125307125307126,0.10319410319410319,0.08108108108108109,0.05405405405405406,0.06388206388206388,0.0687960687960688,0.17936117936117937,Gala,Deschenes,Gala Deschenes,Canada,Ontario,Kingston,44.231171,-76.485954,M9K 2P4,female,College,Urban,0.0,Single,Nova,2015-08-12,0,12476.65,Standard,N,2332 days,750665_1
84,774168,0.7729749364329822,0.27692307692307694,847.4461538461538,12.94266917293233,1250,0,1.5853658536585367,0.0,0.0,0.0,0.0,0.0,0.0,0.0,0.15384615384615385,0.09230769230769231,0.18461538461538463,0.13846153846153847,0.4307692307692308,Alphonse,Redler,Alphonse Redler,Canada,Ontario,Trenton,44.101128,-77.576309,K8V 4B2,male,Bachelor,Urban,97131.0,Married,Star,2020-02-05,0,5181.62,Standard,N,694 days,774168_1
85,775768,0.2645131086142322,0.22875816993464052,2141.1821350762525,37.814644093882265,72266,0,6.557142857142857,0.08061002178649238,0.06535947712418301,0.10675381263616558,0.02832244008714597,0.07625272331154684,0.09368191721132897,0.10239651416122005,0.06753812636165578,0.06535947712418301,0.08714596949891068,0.06318082788671024,0.16339869281045752,Cassi,Belwood,Cassi Belwood,Canada,British Columbia,Vancouver,49.28273,-123.12074,V6E 3Z3,male,Master,Urban,21835.0,Married,Aurora,2015-06-03,0,6715.59,Standard,N,2402 days,775768_1
86,776466,0.0,0.28888888888888886,2176.5555555555557,0.0,9792,0,1.0975609756097562,0.0,0.0,0.0,0.0,0.0,0.0,0.0,0.15555555555555556,0.022222222222222223,0.24444444444444444,0.28888888888888886,0.28888888888888886,Otis,Kraack,Otis Kraack,Canada,Quebec,Montreal,45.50169,-73.567253,H2T 9K8,female,Master,Suburban,14030.0,Married,Star,2015-07-22,0,2719.51,Standard,N,2353 days,776466_1
87,790940,0.0,0.0,0.0,0.0,0,0,0.0,0.0,0.0,0.0,0.0,0.0,0.0,0.0,0.0,0.0,0.0,0.0,0.0,Lavelle,Filla,Lavelle Filla,Canada,Ontario,Toronto,43.653225,-79.383186,P1L 8X8,female,College,Urban,0.0,Single,Star,2019-10-26,0,4847.24,Standard,N,796 days,790940_1
88,819842,0.40980629539951574,0.22105263157894736,2870.06,24.40854930397028,32175,0,3.5185185185185186,0.031578947368421054,0.04736842105263158,0.042105263157894736,0.07894736842105263,0.12105263157894737,0.03684210526315789,0.07368421052631578,0.06842105263157895,0.07894736842105263,0.06315789473684211,0.1368421052631579,0.22105263157894736,Delois,Shuff,Delois Shuff,Canada,Alberta,Edmonton,53.544388,-113.49093,T9G 1W3,female,Doctor,Urban,25064.0,Married,Star,2017-02-09,0,2357.75,Standard,N,1785 days,819842_1
89,825517,0.31429613716509264,0.3701657458563536,2045.2331491712707,31.827633049608806,50751,0,5.246376811594203,0.08011049723756906,0.13259668508287292,0.008287292817679558,0.09668508287292818,0.10220994475138122,0.011049723756906077,0.11878453038674033,0.06353591160220995,0.09668508287292818,0.06629834254143646,0.0718232044198895,0.15193370165745856,Alonso,Laviolette,Alonso Laviolette,Canada,Ontario,Sudbury,46.522099,-80.953033,M5V 1G5,female,College,Suburban,0.0,Married,Nova,2015-08-03,0,5599.67,Standard,N,2341 days,825517_1
90,825593,0.4687767481671691,0.33153638814016173,1449.2018867924528,21.341400388996945,28549,0,6.183333333333334,0.008086253369272238,0.016172506738544475,0.0,0.008086253369272238,0.03504043126684636,0.09973045822102426,0.23180592991913745,0.1967654986522911,0.12668463611859837,0.05390835579514825,0.1078167115902965,0.11590296495956873,Ramonita,Heldenbrand,Ramonita Heldenbrand,Canada,British Columbia,Vancouver,49.28273,-123.12074,V1E 4R6,female,Bachelor,Rural,57709.0,Married,Aurora,2015-11-09,0,5073.28,Standard,N,2243 days,825593_1
91,831341,0.0,0.16666666666666666,2331.6666666666665,0.0,2797,0,0.32432432432432434,0.0,0.0,0.0,0.0,0.0,0.0,0.0,0.0,0.0,0.0,0.0,1.0,Kaitlyn,Burgas,Kaitlyn Burgas,Canada,Prince Edward Island,Charlottetown,46.238239,-63.131069,C1A 6E8,female,Bachelor,Rural,86812.0,Married,Star,2016-10-29,0,5881.81,Standard,N,1888 days,831341_1
92,841296,0.0,1.0,3216.872727272727,0.0,3538,0,0.2894736842105263,1.0,0.0,0.0,0.0,0.0,0.0,0.0,0.0,0.0,0.0,0.0,0.0,Blythe,Strassell,Blythe Strassell,Canada,Quebec,Montreal,45.50169,-73.567253,H2T 2J6,male,Bachelor,Urban,43510.0,Married,Star,2015-04-01,0,3337.59,Standard,N,2465 days,841296_1
93,849813,0.0,0.0,0.0,0.0,0,0,0.0,0.0,0.0,0.0,0.0,0.0,0.0,0.0,0.0,0.0,0.0,0.0,0.0,Luise,Yellen,Luise Yellen,Canada,Quebec,Montreal,45.50169,-73.567253,H2T 9K8,male,Bachelor,Rural,34505.0,Married,Star,2015-04-01,0,8513.7,Standard,N,2465 days,849813_1
94,869265,0.13145565707219894,0.3228346456692913,2866.1917322834643,76.08828386287625,63217,0,4.031746031746032,0.0,0.051181102362204724,0.051181102362204724,0.027559055118110236,0.14566929133858267,0.21653543307086615,0.1062992125984252,0.027559055118110236,0.0984251968503937,0.15354330708661418,0.031496062992125984,0.09055118110236221,Gregory,Sosnowski,Gregory Sosnowski,Canada,Saskatchewan,Regina,50.44521,-104.6189,S1J 3C5,female,Bachelor,Suburban,61108.0,Married,Star,2018-04-08,0,5821.13,Standard,N,1362 days,869265_1
95,869276,0.1867894678750567,0.15013404825737264,2186.5774798927614,53.548250279036175,66310,0,5.651515151515151,0.024128686327077747,0.06702412868632708,0.06166219839142091,0.1126005361930295,0.13404825737265416,0.15281501340482573,0.03485254691689008,0.08310991957104558,0.08579088471849866,0.010723860589812333,0.08847184986595175,0.1447721179624665,Grisel,Kozusko,Grisel Kozusko,Canada,Quebec,Montreal,45.50169,-73.567253,H2T 2J6,female,Bachelor,Rural,74586.0,Married,Aurora,2015-12-30,0,12300.01,Standard,N,2192 days,869276_1
96,874780,0.628014705882353,0.21774193548387097,2194.3548387096776,15.929048120828943,10118,0,2.6382978723404253,0.0,0.04032258064516129,0.1693548387096774,0.07258064516129033,0.10483870967741936,0.20967741935483872,0.03225806451612903,0.07258064516129033,0.04032258064516129,0.10483870967741936,0.024193548387096774,0.12903225806451613,Breana,Burgman,Breana Burgman,Canada,Ontario,Toronto,43.653225,-79.383186,M2M 7K8,male,Master,Urban,21442.0,Divorced,Aurora,2018-03-17,0,8312.68,Standard,N,1384 days,874780_1
97,876062,0.2825776823684461,0.2164009111617312,1677.1799544419134,35.40157707471872,52803,0,6.097222222222222,0.07289293849658314,0.01366742596810934,0.1252847380410023,0.05922551252847381,0.0979498861047836,0.1571753986332574,0.04555808656036447,0.1275626423690205,0.022779043280182234,0.07972665148063782,0.09567198177676538,0.10250569476082004,Marc,Niner,Marc Niner,Canada,Ontario,Ottawa,45.421532,-75.697189,K1F 2R2,male,College,Urban,0.0,Single,Nova,2018-09-02,0,3807.53,Standard,N,1215 days,876062_1
98,886803,0.8804347826086957,0.9047619047619048,2278.8571428571427,11.361823361823362,572,0,0.5384615384615384,0.0,0.0,0.0,0.0,0.0,0.0,0.0,0.0,0.0,0.3333333333333333,0.42857142857142855,0.23809523809523808,Shonta,Pinger,Shonta Pinger,Canada,Ontario,Ottawa,45.421532,-75.697189,K1G 4Z0,female,Bachelor,Rural,24948.0,Married,Nova,2019-05-31,0,5193.77,Standard,N,944 days,886803_1
99,890361,0.5355390216875099,0.19642857142857142,1128.6785714285713,18.683417085427134,2934,0,1.4,0.0,0.0,0.0,0.0,0.0,0.0,0.0,0.0,0.30357142857142855,0.21428571428571427,0.19642857142857142,0.2857142857142857,Teressa,Puehler,Teressa Puehler,Canada,British Columbia,Vancouver,49.28273,-123.12074,V6E 3Z3,male,College,Urban,0.0,Single,Star,2020-04-19,0,4915.39,Standard,N,620 days,890361_1
100,890702,0.4277582492346071,0.3181818181818182,3084.33986013986,23.38355423603011,50466,0,3.9722222222222223,0.045454545454545456,0.07342657342657342,0.05244755244755245,0.08391608391608392,0.11538461538461539,0.06643356643356643,0.11538461538461539,0.10839160839160839,0.06643356643356643,0.08741258741258741,0.08041958041958042,0.1048951048951049,Natalya,Alvin,Natalya Alvin,Canada,Nova Scotia,Halifax,44.648766,-63.575237,B3J 9S2,female,Bachelor,Urban,67276.0,Married,Star,2017-03-29,0,7231.0,Standard,N,1737 days,890702_1
101,896861,0.07020816677030588,0.25547445255474455,1643.9793187347932,142.48745255166597,62800,0,6.134328358208955,0.021897810218978103,0.0170316301703163,0.05596107055961071,0.038929440389294405,0.06326034063260341,0.18248175182481752,0.0681265206812652,0.1678832116788321,0.04866180048661801,0.043795620437956206,0.1362530413625304,0.15571776155717762,Marylin,Ottley,Marylin Ottley,Canada,Ontario,Toronto,43.653225,-79.383186,P2T 6G3,female,College,Urban,0.0,Single,Aurora,2018-11-24,0,7487.74,Standard,N,1132 days,896861_1
102,897772,0.21150825575604337,0.23636363636363636,2373.630909090909,47.292048541930804,61746,0,5.0,0.04242424242424243,0.030303030303030304,0.051515151515151514,0.0696969696969697,0.09090909090909091,0.15757575757575756,0.07575757575757576,0.10909090909090909,0.13636363636363635,0.05757575757575758,0.06363636363636363,0.11515151515151516,Kris,Lollie,Kris Lollie,Canada,Quebec,Montreal,45.50169,-73.567253,H2Y 4R4,male,High School or Below,Urban,12617.0,Divorced,Star,2015-09-30,0,8123.96,Standard,N,2283 days,897772_1
103,899760,0.1099030555896429,0.26865671641791045,2433.303582089552,91.01794327824922,72534,0,4.71830985915493,0.0626865671641791,0.0,0.06865671641791045,0.0626865671641791,0.11343283582089553,0.15522388059701492,0.08358208955223881,0.09850746268656717,0.050746268656716415,0.14925373134328357,0.05373134328358209,0.10149253731343283,Marylin,Ordeneaux,Marylin Ordeneaux,Canada,Ontario,Trenton,44.101128,-77.576309,K8V 4B2,male,High School or Below,Urban,13037.0,Married,Star,2021-04-01,0,4726.87,2021 Promotion,N,273 days,899760_1
104,902608,0.4014649304527967,0.24795640326975477,1841.9367847411445,24.915808484759133,40449,0,5.397058823529412,0.08446866485013624,0.008174386920980926,0.07356948228882834,0.09536784741144415,0.05994550408719346,0.10626702997275204,0.1226158038147139,0.008174386920980926,0.11989100817438691,0.08174386920980926,0.051771117166212535,0.1880108991825613,Mila,Ikemoto,Mila Ikemoto,Canada,British Columbia,Victoria,48.428421,-123.36565,V10 6T5,male,Bachelor,Rural,46379.0,Single,Nova,2015-08-31,0,8618.3,Standard,N,2313 days,902608_1
105,903359,0.5386227259739023,0.21705426356589147,1628.2524547803616,18.571579722959033,29064,0,5.953846153846154,0.03359173126614987,0.046511627906976744,0.11886304909560723,0.031007751937984496,0.0,0.06201550387596899,0.09819121447028424,0.11627906976744186,0.11886304909560723,0.13695090439276486,0.12144702842377261,0.11627906976744186,Muriel,Gerdis,Muriel Gerdis,Canada,British Columbia,Vancouver,49.28273,-123.12074,V1E 4R6,male,College,Urban,0.0,Single,Star,2019-03-17,0,2321.05,Standard,N,1019 days,903359_1
106,920175,0.27345465735987357,0.15772870662460567,2255.855835962145,36.58019847562535,51940,0,5.031746031746032,0.025236593059936908,0.0,0.015772870662460567,0.0,0.01892744479495268,0.10094637223974763,0.15457413249211358,0.22397476340694006,0.167192429022082,0.10094637223974763,0.11356466876971609,0.07886435331230283,Cari,Gilb,Cari Gilb,Canada,Ontario,Toronto,43.653225,-79.383186,M1R 4K3,male,Bachelor,Rural,56274.0,Married,Star,2016-04-06,0,2763.52,Standard,N,2094 days,920175_1
107,927026,0.3574050729355701,0.22570532915360503,2263.587774294671,27.987771317829456,46387,0,4.6231884057971016,0.07523510971786834,0.0877742946708464,0.2006269592476489,0.08463949843260188,0.0877742946708464,0.0877742946708464,0.04075235109717868,0.08463949843260188,0.08463949843260188,0.08150470219435736,0.07523510971786834,0.009404388714733543,Macy,Reven,Macy Reven,Canada,Quebec,Montreal,45.50169,-73.567253,H2Y 2W2,female,Bachelor,Urban,98917.0,Married,Nova,2017-12-16,0,5657.69,Standard,N,1475 days,927026_1
108,949628,0.0,0.0,0.0,0.0,0,0,0.0,0.0,0.0,0.0,0.0,0.0,0.0,0.0,0.0,0.0,0.0,0.0,0.0,Maira,Bebo,Maira Bebo,Canada,Saskatchewan,Regina,50.44521,-104.6189,S6J 3G0,female,College,Urban,0.0,Married,Star,2015-07-23,0,2563.58,Standard,N,2352 days,949628_1
109,950304,0.0,0.3469387755102041,1563.0204081632653,0.0,7656,0,1.2564102564102564,0.0,0.0,0.0,0.0,0.0,0.0,0.0,0.30612244897959184,0.46938775510204084,0.0,0.0,0.22448979591836735,Gail,Pfalzgraf,Gail Pfalzgraf,Canada,Quebec,Hull,45.42873,-75.713364,J8Y 3Z5,male,Doctor,Rural,24395.0,Married,Nova,2017-04-15,0,4792.81,Standard,N,1720 days,950304_1
110,950980,0.4249009948807109,0.23232323232323232,2092.080808080808,23.541259377131166,11908,0,2.152173913043478,0.0,0.0,0.16161616161616163,0.030303030303030304,0.12121212121212122,0.1414141414141414,0.09090909090909091,0.10101010101010101,0.1111111111111111,0.13131313131313133,0.10101010101010101,0.010101010101010102,Tobias,Mohr,Tobias Mohr,Canada,Ontario,Toronto,43.653225,-79.383186,P1J 8T7,male,Bachelor,Suburban,68867.0,Married,Aurora,2017-02-17,0,5220.69,Standard,N,1777 days,950980_1
111,951353,0.17759356945491084,0.2647058823529412,2928.1323529411766,56.32616690240452,16370,0,1.5454545454545454,0.0,0.0,0.0,0.10294117647058823,0.0,0.08823529411764706,0.11764705882352941,0.058823529411764705,0.20588235294117646,0.1323529411764706,0.07352941176470588,0.22058823529411764,Gina,Spilski,Gina Spilski,Canada,British Columbia,Vancouver,49.28273,-123.12074,V5R 1W3,female,College,Suburban,0.0,Married,Nova,2016-04-01,0,5800.19,Standard,N,2099 days,951353_1
112,958491,0.36652145214521453,0.18716577540106952,2025.9470588235292,27.29088748019017,23993,0,3.5961538461538463,0.026737967914438502,0.0481283422459893,0.03208556149732621,0.08021390374331551,0.09090909090909091,0.0374331550802139,0.08021390374331551,0.06951871657754011,0.0748663101604278,0.09090909090909091,0.17647058823529413,0.1925133689839572,Carmelo,Zeigler,Carmelo Zeigler,Canada,Ontario,Toronto,43.653225,-79.383186,M2M 7K8,male,Bachelor,Rural,49714.0,Married,Nova,2020-01-02,0,4970.36,Standard,N,728 days,958491_1
113,965605,0.3524078236334943,0.36797752808988765,2937.592415730337,28.382535417684416,67709,0,5.085714285714285,0.0449438202247191,0.14887640449438203,0.05056179775280899,0.07584269662921349,0.03651685393258427,0.10674157303370786,0.09550561797752809,0.03651685393258427,0.10393258426966293,0.09269662921348315,0.0898876404494382,0.11797752808988764,Marivel,Fosmire,Marivel Fosmire,Canada,British Columbia,Vancouver,49.28273,-123.12074,V5R 1W3,female,Bachelor,Rural,74948.0,Married,Nova,2017-11-17,0,5103.3,Standard,N,1504 days,965605_1
114,968034,0.1503838960527611,0.1906005221932115,2122.645953002611,66.51721485845198,69050,0,5.550724637681159,0.010443864229765013,0.09399477806788512,0.08093994778067885,0.02610966057441253,0.07571801566579635,0.13577023498694518,0.1122715404699739,0.19321148825065274,0.09399477806788512,0.0,0.07571801566579635,0.10182767624020887,Kali,Petr,Kali Petr,Canada,British Columbia,Vancouver,49.28273,-123.12074,V6E 3D9,male,Doctor,Suburban,18287.0,Married,Star,2017-01-12,0,2119.89,Standard,N,1813 days,968034_1
115,969318,0.14282379034611567,0.23756906077348067,2367.1008287292816,70.03600326930936,73430,0,5.098591549295775,0.022099447513812154,0.06629834254143646,0.11049723756906077,0.04419889502762431,0.13535911602209943,0.09944751381215469,0.1132596685082873,0.024861878453038673,0.16022099447513813,0.03314917127071823,0.0856353591160221,0.10497237569060773,Reynaldo,Lyell,Reynaldo Lyell,Canada,Ontario,Toronto,43.653225,-79.383186,P1L 8X8,male,Bachelor,Rural,81412.0,Divorced,Star,2016-07-21,0,4347.59,Standard,N,1988 days,969318_1
116,971370,0.19232913695454412,0.3981762917933131,2072.238905775076,52.01148916692096,55046,0,4.7,0.06382978723404255,0.0668693009118541,0.0243161094224924,0.00911854103343465,0.03343465045592705,0.0668693009118541,0.2006079027355623,0.0547112462006079,0.11246200607902736,0.14893617021276595,0.060790273556231005,0.1580547112462006,Shawanna,Sczygiel,Shawanna Sczygiel,Canada,Ontario,Toronto,43.653225,-79.383186,P2T 6G3,male,Bachelor,Suburban,43573.0,Married,Aurora,2015-07-17,0,5261.04,Standard,N,2358 days,971370_1
117,972686,0.0877467319589043,0.18210862619808307,2329.8958466453673,113.99990620603408,66506,0,4.6716417910447765,0.025559105431309903,0.08626198083067092,0.05750798722044728,0.10543130990415335,0.05750798722044728,0.0,0.134185303514377,0.0926517571884984,0.1501597444089457,0.08945686900958466,0.06389776357827476,0.13738019169329074,Huey,Kouns,Huey Kouns,Canada,Alberta,Calgary,51.048615,-114.07085,T3E 2V9,female,Bachelor,Rural,89879.0,Married,Star,2016-02-22,0,5123.17,Standard,N,2138 days,972686_1
118,974875,0.432803316216049,0.32670454545454547,2296.601136363636,23.11243388512451,45838,0,4.888888888888889,0.04261363636363636,0.08806818181818182,0.09659090909090909,0.05397727272727273,0.06534090909090909,0.17613636363636365,0.09943181818181818,0.14204545454545456,0.11647727272727272,0.05113636363636364,0.022727272727272728,0.045454545454545456,Erica,Syrop,Erica Syrop,Canada,Ontario,Toronto,43.653225,-79.383186,M2M 7K8,male,Bachelor,Rural,69379.0,Single,Star,2016-05-11,0,4118.59,Standard,N,2059 days,974875_1
119,979115,0.29484996042121425,0.423728813559322,3533.7957627118644,33.92351936218679,29397,0,2.3137254901960786,0.025423728813559324,0.06779661016949153,0.13559322033898305,0.0,0.11864406779661017,0.059322033898305086,0.11864406779661017,0.1016949152542373,0.1440677966101695,0.09322033898305085,0.00847457627118644,0.1271186440677966,Gianna,Margo,Gianna Margo,Canada,Ontario,Toronto,43.653225,-79.383186,P1J 8T7,female,Bachelor,Rural,36088.0,Single,Nova,2020-06-15,0,5528.21,Standard,N,563 days,979115_1
120,981508,0.17491776658200442,0.35714285714285715,2145.0089285714284,57.18662223280172,19816,0,2.488888888888889,0.0,0.0,0.0,0.07142857142857142,0.19642857142857142,0.026785714285714284,0.20535714285714285,0.10714285714285714,0.19642857142857142,0.017857142857142856,0.008928571428571428,0.16964285714285715,Cameron,Grahovac,Cameron Grahovac,Canada,British Columbia,Vancouver,49.28273,-123.12074,V6E 3D9,male,Bachelor,Urban,44784.0,Married,Aurora,2018-04-01,0,5786.49,Standard,N,1369 days,981508_1
121,988392,0.4070187788960977,0.16511627906976745,2445.227906976744,24.575154843987377,62333,0,6.056338028169014,0.06511627906976744,0.07906976744186046,0.07674418604651163,0.046511627906976744,0.1186046511627907,0.11627906976744186,0.07441860465116279,0.13023255813953488,0.14651162790697675,0.02558139534883721,0.07441860465116279,0.046511627906976744,Odelia,Strebel,Odelia Strebel,Canada,British Columbia,Vancouver,49.28273,-123.12074,V6E 3D9,male,College,Urban,0.0,Single,Aurora,2015-05-15,0,9022.08,Standard,N,2421 days,988392_1
122,989528,0.0,0.2235294117647059,2096.891176470588,0.0,35639,0,3.4693877551020407,0.03529411764705882,0.09411764705882353,0.01764705882352941,0.07647058823529412,0.052941176470588235,0.11176470588235295,0.058823529411764705,0.11764705882352941,0.08823529411764706,0.1,0.10588235294117647,0.1411764705882353,Sadie,Orejel,Sadie Orejel,Canada,Alberta,Edmonton,53.544388,-113.49093,T9G 1W3,male,Bachelor,Suburban,83772.0,Divorced,Star,2015-04-01,0,2453.41,Standard,N,2465 days,989528_1
123,990512,0.0,0.35135135135135137,3142.6216216216217,0.0,11625,0,0.925,0.0,0.0,0.0,0.0,0.0,0.0,0.0,0.0,0.05405405405405406,0.24324324324324326,0.16216216216216217,0.5405405405405406,Magda,Sopher,Magda Sopher,Canada,Ontario,Toronto,43.653225,-79.383186,P1W 1K4,male,College,Suburban,0.0,Single,Star,2018-10-21,0,1904.0,Standard,N,1166 days,990512_1
124,992168,0.26631945381439404,0.23119777158774374,2065.078551532033,37.56019860168203,54376,0,5.4393939393939394,0.055710306406685235,0.055710306406685235,0.07242339832869081,0.08913649025069638,0.11977715877437325,0.0,0.20891364902506965,0.09192200557103064,0.0,0.07520891364902507,0.07520891364902507,0.15598885793871867,Frederick,Samaha,Frederick Samaha,Canada,Ontario,Toronto,43.653225,-79.383186,P1J 8T7,male,High School or Below,Suburban,22906.0,Married,Nova,2015-09-26,0,5746.33,Standard,N,2287 days,992168_1
